problem_name,ptype,xtype,dim,mb,ml,mu,mcon,mlcon,mnlcon,m_ub,m_eq,m_linear_ub,m_linear_eq,m_nonlinear_ub,m_nonlinear_eq,f0,fbest,has_known_solution,isfeasibility,isgrad,ishess,isjcub,isjceq,ishcub,ishceq,source_file,problemdata_status,known_solution_status
3pk,b,r,30,60,30,30,0,0,0,0,0,0,0,0,0,4488085465231.87,1.72016535843311,1,0,0,0,0,0,0,0,3pk.py,ok,ok
aircrftb,u,r,5,0,0,0,0,0,0,0,0,0,0,0,0,23.0245847241,5.12823015474072e-06,1,0,0,0,0,0,0,0,aircrftb.py,ok,ok
allinit,b,r,3,6,3,3,0,0,0,0,0,0,0,0,0,3.90624984374997e+29,16.7059694528148,1,0,0,0,0,0,0,0,allinit.py,ok,ok
allinitu,u,r,4,0,0,0,0,0,0,0,0,0,0,0,0,13,5.74532635900222,1,0,0,0,0,0,0,0,allinitu.py,ok,ok
arglina,u,r,100,0,0,0,0,0,0,0,0,0,0,0,0,200,100,1,0,0,0,0,0,0,0,arglina.py,ok,ok
arglinb,u,r,10,0,0,0,0,0,0,0,0,0,0,0,0,20,4.63414634146342,1,0,0,0,0,0,0,0,arglinb.py,ok,ok
arglinc,u,r,8,0,0,0,0,0,0,0,0,0,0,0,0,20,6.1351351372487,1,0,0,0,0,0,0,0,arglinc.py,ok,ok
beale,u,r,2,0,0,0,0,0,0,0,0,0,0,0,0,14.203125,0.000389867145411177,1,0,0,0,0,0,0,0,beale.py,ok,ok
biggs3,b,r,3,6,3,3,0,0,0,0,0,0,0,0,0,8.09026048021119,1.15473819199146e-06,1,0,0,0,0,0,0,0,biggs3.py,ok,ok
biggs5,b,r,5,10,5,5,0,0,0,0,0,0,0,0,0,66.4244302640829,nan,0,0,0,0,0,0,0,0,biggs5.py,ok,dimension_mismatch:6!=5
biggs6,b,r,6,12,6,6,0,0,0,0,0,0,0,0,0,9.86373227456031,4.01811959232128e-05,1,0,0,0,0,0,0,0,biggs6.py,ok,ok
box2,b,r,2,4,2,2,0,0,0,0,0,0,0,0,0,3.06400569726691,0.000422623923934896,1,0,0,0,0,0,0,0,box2.py,ok,ok
box3,b,r,3,6,3,3,0,0,0,0,0,0,0,0,0,0,0,1,0,0,0,0,0,0,0,box3.py,ok,ok
bqp1var,b,r,1,2,1,1,0,0,0,0,0,0,0,0,0,0.3125,0,1,0,0,0,0,0,0,0,bqp1var.py,ok,ok
branin,b,r,2,4,2,2,0,0,0,0,0,0,0,0,0,24.1299644136223,0.39789213324029,1,0,0,0,0,0,0,0,branin.py,ok,ok
brownal,u,r,10,0,0,0,0,0,0,0,0,0,0,0,0,1090,9.81488344915578e-07,1,0,0,0,0,0,0,0,brownal.py,ok,ok
brownbs,u,r,2,0,0,0,0,0,0,0,0,0,0,0,0,1000000000004,0,1,0,0,0,0,0,0,0,brownbs.py,ok,ok
brownden,u,r,4,0,0,0,0,0,0,0,0,0,0,0,0,16148735.3558492,85822.2077135266,1,0,0,0,0,0,0,0,brownden.py,ok,ok
camel1,b,r,2,4,2,2,0,0,0,0,0,0,0,0,0,0,-1.03100531673503,1,0,0,0,0,0,0,0,camel1.py,ok,ok
camel6,b,r,2,4,2,2,0,0,0,0,0,0,0,0,0,0,-1.03162828231779,1,0,0,0,0,0,0,0,camel6.py,ok,ok
chebyqad,b,r,50,100,50,50,0,0,0,0,0,0,0,0,0,24.5456685194441,0.00538908991316116,1,0,0,0,0,0,0,0,chebyqad.py,ok,ok
chi,b,r,2,4,2,2,0,0,0,0,0,0,0,0,0,20.6053353871776,-43.31586160652,1,0,0,0,0,0,0,0,chi.py,ok,ok
chnrosnb,u,r,50,0,0,0,0,0,0,0,0,0,0,0,0,49,0,1,0,0,0,0,0,0,0,chnrosnb.py,ok,ok
cliff,b,r,2,4,2,2,0,0,0,0,0,0,0,0,0,1.0009,0.200319127078055,1,0,0,0,0,0,0,0,cliff.py,ok,ok
convex1_100_1,u,r,100,0,0,0,0,0,0,0,0,0,0,0,0,0,0,1,0,0,0,0,0,0,0,convex1_100_1.py,ok,ok
convex1_100_2,u,r,100,0,0,0,0,0,0,0,0,0,0,0,0,0,0,1,0,0,0,0,0,0,0,convex1_100_2.py,ok,ok
convex1_100_3,u,r,100,0,0,0,0,0,0,0,0,0,0,0,0,0,0,1,0,0,0,0,0,0,0,convex1_100_3.py,ok,ok
convex1_100_4,u,r,100,0,0,0,0,0,0,0,0,0,0,0,0,0,0,1,0,0,0,0,0,0,0,convex1_100_4.py,ok,ok
convex1_100_5,u,r,100,0,0,0,0,0,0,0,0,0,0,0,0,0,0,1,0,0,0,0,0,0,0,convex1_100_5.py,ok,ok
convex1_10_1,u,r,10,0,0,0,0,0,0,0,0,0,0,0,0,0,0,1,0,0,0,0,0,0,0,convex1_10_1.py,ok,ok
convex1_10_2,u,r,10,0,0,0,0,0,0,0,0,0,0,0,0,0,0,1,0,0,0,0,0,0,0,convex1_10_2.py,ok,ok
convex1_10_3,u,r,10,0,0,0,0,0,0,0,0,0,0,0,0,0,0,1,0,0,0,0,0,0,0,convex1_10_3.py,ok,ok
convex1_10_4,u,r,10,0,0,0,0,0,0,0,0,0,0,0,0,0,0,1,0,0,0,0,0,0,0,convex1_10_4.py,ok,ok
convex1_10_5,u,r,10,0,0,0,0,0,0,0,0,0,0,0,0,0,0,1,0,0,0,0,0,0,0,convex1_10_5.py,ok,ok
convex1_15_1,u,r,15,0,0,0,0,0,0,0,0,0,0,0,0,0,0,1,0,0,0,0,0,0,0,convex1_15_1.py,ok,ok
convex1_15_2,u,r,15,0,0,0,0,0,0,0,0,0,0,0,0,0,0,1,0,0,0,0,0,0,0,convex1_15_2.py,ok,ok
convex1_15_3,u,r,15,0,0,0,0,0,0,0,0,0,0,0,0,0,0,1,0,0,0,0,0,0,0,convex1_15_3.py,ok,ok
convex1_15_4,u,r,15,0,0,0,0,0,0,0,0,0,0,0,0,0,0,1,0,0,0,0,0,0,0,convex1_15_4.py,ok,ok
convex1_15_5,u,r,15,0,0,0,0,0,0,0,0,0,0,0,0,0,0,1,0,0,0,0,0,0,0,convex1_15_5.py,ok,ok
convex1_200_1,u,r,200,0,0,0,0,0,0,0,0,0,0,0,0,0,0,1,0,0,0,0,0,0,0,convex1_200_1.py,ok,ok
convex1_200_2,u,r,200,0,0,0,0,0,0,0,0,0,0,0,0,0,0,1,0,0,0,0,0,0,0,convex1_200_2.py,ok,ok
convex1_200_3,u,r,200,0,0,0,0,0,0,0,0,0,0,0,0,0,0,1,0,0,0,0,0,0,0,convex1_200_3.py,ok,ok
convex1_200_4,u,r,200,0,0,0,0,0,0,0,0,0,0,0,0,0,0,1,0,0,0,0,0,0,0,convex1_200_4.py,ok,ok
convex1_200_5,u,r,200,0,0,0,0,0,0,0,0,0,0,0,0,0,0,1,0,0,0,0,0,0,0,convex1_200_5.py,ok,ok
convex1_20_1,u,r,20,0,0,0,0,0,0,0,0,0,0,0,0,0,0,1,0,0,0,0,0,0,0,convex1_20_1.py,ok,ok
convex1_20_2,u,r,20,0,0,0,0,0,0,0,0,0,0,0,0,0,0,1,0,0,0,0,0,0,0,convex1_20_2.py,ok,ok
convex1_20_3,u,r,20,0,0,0,0,0,0,0,0,0,0,0,0,0,0,1,0,0,0,0,0,0,0,convex1_20_3.py,ok,ok
convex1_20_4,u,r,20,0,0,0,0,0,0,0,0,0,0,0,0,0,0,1,0,0,0,0,0,0,0,convex1_20_4.py,ok,ok
convex1_20_5,u,r,20,0,0,0,0,0,0,0,0,0,0,0,0,0,0,1,0,0,0,0,0,0,0,convex1_20_5.py,ok,ok
convex1_25_1,u,r,25,0,0,0,0,0,0,0,0,0,0,0,0,0,0,1,0,0,0,0,0,0,0,convex1_25_1.py,ok,ok
convex1_25_2,u,r,25,0,0,0,0,0,0,0,0,0,0,0,0,0,0,1,0,0,0,0,0,0,0,convex1_25_2.py,ok,ok
convex1_25_3,u,r,25,0,0,0,0,0,0,0,0,0,0,0,0,0,0,1,0,0,0,0,0,0,0,convex1_25_3.py,ok,ok
convex1_25_4,u,r,25,0,0,0,0,0,0,0,0,0,0,0,0,0,0,1,0,0,0,0,0,0,0,convex1_25_4.py,ok,ok
convex1_25_5,u,r,25,0,0,0,0,0,0,0,0,0,0,0,0,0,0,1,0,0,0,0,0,0,0,convex1_25_5.py,ok,ok
convex1_300_1,u,r,300,0,0,0,0,0,0,0,0,0,0,0,0,0,0,1,0,0,0,0,0,0,0,convex1_300_1.py,ok,ok
convex1_300_2,u,r,300,0,0,0,0,0,0,0,0,0,0,0,0,0,0,1,0,0,0,0,0,0,0,convex1_300_2.py,ok,ok
convex1_300_3,u,r,300,0,0,0,0,0,0,0,0,0,0,0,0,0,0,1,0,0,0,0,0,0,0,convex1_300_3.py,ok,ok
convex1_300_4,u,r,300,0,0,0,0,0,0,0,0,0,0,0,0,0,0,1,0,0,0,0,0,0,0,convex1_300_4.py,ok,ok
convex1_300_5,u,r,300,0,0,0,0,0,0,0,0,0,0,0,0,0,0,1,0,0,0,0,0,0,0,convex1_300_5.py,ok,ok
convex1_30_1,u,r,30,0,0,0,0,0,0,0,0,0,0,0,0,0,0,1,0,0,0,0,0,0,0,convex1_30_1.py,ok,ok
convex1_30_2,u,r,30,0,0,0,0,0,0,0,0,0,0,0,0,0,0,1,0,0,0,0,0,0,0,convex1_30_2.py,ok,ok
convex1_30_3,u,r,30,0,0,0,0,0,0,0,0,0,0,0,0,0,0,1,0,0,0,0,0,0,0,convex1_30_3.py,ok,ok
convex1_30_4,u,r,30,0,0,0,0,0,0,0,0,0,0,0,0,0,0,1,0,0,0,0,0,0,0,convex1_30_4.py,ok,ok
convex1_30_5,u,r,30,0,0,0,0,0,0,0,0,0,0,0,0,0,0,1,0,0,0,0,0,0,0,convex1_30_5.py,ok,ok
convex1_35_1,u,r,35,0,0,0,0,0,0,0,0,0,0,0,0,0,0,1,0,0,0,0,0,0,0,convex1_35_1.py,ok,ok
convex1_35_2,u,r,35,0,0,0,0,0,0,0,0,0,0,0,0,0,0,1,0,0,0,0,0,0,0,convex1_35_2.py,ok,ok
convex1_35_3,u,r,35,0,0,0,0,0,0,0,0,0,0,0,0,0,0,1,0,0,0,0,0,0,0,convex1_35_3.py,ok,ok
convex1_35_4,u,r,35,0,0,0,0,0,0,0,0,0,0,0,0,0,0,1,0,0,0,0,0,0,0,convex1_35_4.py,ok,ok
convex1_35_5,u,r,35,0,0,0,0,0,0,0,0,0,0,0,0,0,0,1,0,0,0,0,0,0,0,convex1_35_5.py,ok,ok
convex1_40_1,u,r,40,0,0,0,0,0,0,0,0,0,0,0,0,0,0,1,0,0,0,0,0,0,0,convex1_40_1.py,ok,ok
convex1_40_2,u,r,40,0,0,0,0,0,0,0,0,0,0,0,0,0,0,1,0,0,0,0,0,0,0,convex1_40_2.py,ok,ok
convex1_40_3,u,r,40,0,0,0,0,0,0,0,0,0,0,0,0,0,0,1,0,0,0,0,0,0,0,convex1_40_3.py,ok,ok
convex1_40_4,u,r,40,0,0,0,0,0,0,0,0,0,0,0,0,0,0,1,0,0,0,0,0,0,0,convex1_40_4.py,ok,ok
convex1_40_5,u,r,40,0,0,0,0,0,0,0,0,0,0,0,0,0,0,1,0,0,0,0,0,0,0,convex1_40_5.py,ok,ok
convex1_45_1,u,r,45,0,0,0,0,0,0,0,0,0,0,0,0,0,0,1,0,0,0,0,0,0,0,convex1_45_1.py,ok,ok
convex1_45_2,u,r,45,0,0,0,0,0,0,0,0,0,0,0,0,0,0,1,0,0,0,0,0,0,0,convex1_45_2.py,ok,ok
convex1_45_3,u,r,45,0,0,0,0,0,0,0,0,0,0,0,0,0,0,1,0,0,0,0,0,0,0,convex1_45_3.py,ok,ok
convex1_45_4,u,r,45,0,0,0,0,0,0,0,0,0,0,0,0,0,0,1,0,0,0,0,0,0,0,convex1_45_4.py,ok,ok
convex1_45_5,u,r,45,0,0,0,0,0,0,0,0,0,0,0,0,0,0,1,0,0,0,0,0,0,0,convex1_45_5.py,ok,ok
convex1_50_1,u,r,50,0,0,0,0,0,0,0,0,0,0,0,0,0,0,1,0,0,0,0,0,0,0,convex1_50_1.py,ok,ok
convex1_50_2,u,r,50,0,0,0,0,0,0,0,0,0,0,0,0,0,0,1,0,0,0,0,0,0,0,convex1_50_2.py,ok,ok
convex1_50_3,u,r,50,0,0,0,0,0,0,0,0,0,0,0,0,0,0,1,0,0,0,0,0,0,0,convex1_50_3.py,ok,ok
convex1_50_4,u,r,50,0,0,0,0,0,0,0,0,0,0,0,0,0,0,1,0,0,0,0,0,0,0,convex1_50_4.py,ok,ok
convex1_50_5,u,r,50,0,0,0,0,0,0,0,0,0,0,0,0,0,0,1,0,0,0,0,0,0,0,convex1_50_5.py,ok,ok
convex1_5_1,u,r,5,0,0,0,0,0,0,0,0,0,0,0,0,0,0,1,0,0,0,0,0,0,0,convex1_5_1.py,ok,ok
convex1_5_2,u,r,5,0,0,0,0,0,0,0,0,0,0,0,0,0,0,1,0,0,0,0,0,0,0,convex1_5_2.py,ok,ok
convex1_5_3,u,r,5,0,0,0,0,0,0,0,0,0,0,0,0,0,0,1,0,0,0,0,0,0,0,convex1_5_3.py,ok,ok
convex1_5_4,u,r,5,0,0,0,0,0,0,0,0,0,0,0,0,0,0,1,0,0,0,0,0,0,0,convex1_5_4.py,ok,ok
convex1_5_5,u,r,5,0,0,0,0,0,0,0,0,0,0,0,0,0,0,1,0,0,0,0,0,0,0,convex1_5_5.py,ok,ok
convex2_100_1,u,r,100,0,0,0,0,0,0,0,0,0,0,0,0,3228.424282785,3228.424282785,1,0,0,0,0,0,0,0,convex2_100_1.py,ok,ok
convex2_100_2,u,r,100,0,0,0,0,0,0,0,0,0,0,0,0,2102.805158,2102.805158,1,0,0,0,0,0,0,0,convex2_100_2.py,ok,ok
convex2_100_3,u,r,100,0,0,0,0,0,0,0,0,0,0,0,0,2855.79771665,2855.79771665,1,0,0,0,0,0,0,0,convex2_100_3.py,ok,ok
convex2_100_4,u,r,100,0,0,0,0,0,0,0,0,0,0,0,0,2349.994336935,2349.994336935,1,0,0,0,0,0,0,0,convex2_100_4.py,ok,ok
convex2_100_5,u,r,100,0,0,0,0,0,0,0,0,0,0,0,0,4649.017657775,4649.017657775,1,0,0,0,0,0,0,0,convex2_100_5.py,ok,ok
convex2_10_1,u,r,10,0,0,0,0,0,0,0,0,0,0,0,0,18.25682682,2.84158581271188,1,0,0,0,0,0,0,0,convex2_10_1.py,ok,ok
convex2_10_2,u,r,10,0,0,0,0,0,0,0,0,0,0,0,0,26.386914765,3.43959569008003,1,0,0,0,0,0,0,0,convex2_10_2.py,ok,ok
convex2_10_3,u,r,10,0,0,0,0,0,0,0,0,0,0,0,0,34.06210625,3.36338536011186,1,0,0,0,0,0,0,0,convex2_10_3.py,ok,ok
convex2_10_4,u,r,10,0,0,0,0,0,0,0,0,0,0,0,0,34.124219325,5.40974861762665,1,0,0,0,0,0,0,0,convex2_10_4.py,ok,ok
convex2_10_5,u,r,10,0,0,0,0,0,0,0,0,0,0,0,0,116.13377644,4.24107712748892,1,0,0,0,0,0,0,0,convex2_10_5.py,ok,ok
convex2_15_1,u,r,15,0,0,0,0,0,0,0,0,0,0,0,0,36.96239015,4.29486530605445,1,0,0,0,0,0,0,0,convex2_15_1.py,ok,ok
convex2_15_2,u,r,15,0,0,0,0,0,0,0,0,0,0,0,0,52.24780729,6.26195854773321,1,0,0,0,0,0,0,0,convex2_15_2.py,ok,ok
convex2_15_3,u,r,15,0,0,0,0,0,0,0,0,0,0,0,0,73.675994635,3.93727435409765,1,0,0,0,0,0,0,0,convex2_15_3.py,ok,ok
convex2_15_4,u,r,15,0,0,0,0,0,0,0,0,0,0,0,0,75.52920265,6.01242092418518,1,0,0,0,0,0,0,0,convex2_15_4.py,ok,ok
convex2_15_5,u,r,15,0,0,0,0,0,0,0,0,0,0,0,0,145.236347225,4.84812729420995,1,0,0,0,0,0,0,0,convex2_15_5.py,ok,ok
convex2_200_1,u,r,200,0,0,0,0,0,0,0,0,0,0,0,0,9110.561749315,9110.561749315,1,0,0,0,0,0,0,0,convex2_200_1.py,ok,ok
convex2_200_2,u,r,200,0,0,0,0,0,0,0,0,0,0,0,0,14268.997456555,14268.997456555,1,0,0,0,0,0,0,0,convex2_200_2.py,ok,ok
convex2_200_3,u,r,200,0,0,0,0,0,0,0,0,0,0,0,0,8709.87157234,8709.87157234,1,0,0,0,0,0,0,0,convex2_200_3.py,ok,ok
convex2_200_4,u,r,200,0,0,0,0,0,0,0,0,0,0,0,0,9106.27332616,9106.27332616,1,0,0,0,0,0,0,0,convex2_200_4.py,ok,ok
convex2_200_5,u,r,200,0,0,0,0,0,0,0,0,0,0,0,0,10107.1844585,10107.1844585,1,0,0,0,0,0,0,0,convex2_200_5.py,ok,ok
convex2_20_1,u,r,20,0,0,0,0,0,0,0,0,0,0,0,0,95.90759642,7.0334027585118,1,0,0,0,0,0,0,0,convex2_20_1.py,ok,ok
convex2_20_2,u,r,20,0,0,0,0,0,0,0,0,0,0,0,0,214.32145973,6.4588629102441,1,0,0,0,0,0,0,0,convex2_20_2.py,ok,ok
convex2_20_3,u,r,20,0,0,0,0,0,0,0,0,0,0,0,0,141.94478787,6.34024589458417,1,0,0,0,0,0,0,0,convex2_20_3.py,ok,ok
convex2_20_4,u,r,20,0,0,0,0,0,0,0,0,0,0,0,0,77.01334333,6.37452610609996,1,0,0,0,0,0,0,0,convex2_20_4.py,ok,ok
convex2_20_5,u,r,20,0,0,0,0,0,0,0,0,0,0,0,0,77.41071118,7.48179351700779,1,0,0,0,0,0,0,0,convex2_20_5.py,ok,ok
convex2_25_1,u,r,25,0,0,0,0,0,0,0,0,0,0,0,0,519.88322598,9.97996401315341,1,0,0,0,0,0,0,0,convex2_25_1.py,ok,ok
convex2_25_2,u,r,25,0,0,0,0,0,0,0,0,0,0,0,0,199.949030205,9.36372331321352,1,0,0,0,0,0,0,0,convex2_25_2.py,ok,ok
convex2_25_3,u,r,25,0,0,0,0,0,0,0,0,0,0,0,0,162.27844448,8.32714798051483,1,0,0,0,0,0,0,0,convex2_25_3.py,ok,ok
convex2_25_4,u,r,25,0,0,0,0,0,0,0,0,0,0,0,0,82.10652806,8.66221319859088,1,0,0,0,0,0,0,0,convex2_25_4.py,ok,ok
convex2_25_5,u,r,25,0,0,0,0,0,0,0,0,0,0,0,0,121.11178547,6.62786641723701,1,0,0,0,0,0,0,0,convex2_25_5.py,ok,ok
convex2_300_1,u,r,300,0,0,0,0,0,0,0,0,0,0,0,0,17086.42758628,103.951306875175,1,0,0,0,0,0,0,0,convex2_300_1.py,ok,ok
convex2_300_2,u,r,300,0,0,0,0,0,0,0,0,0,0,0,0,17977.72865045,544.372437651582,1,0,0,0,0,0,0,0,convex2_300_2.py,ok,ok
convex2_300_3,u,r,300,0,0,0,0,0,0,0,0,0,0,0,0,22716.870957,100.161453932562,1,0,0,0,0,0,0,0,convex2_300_3.py,ok,ok
convex2_300_4,u,r,300,0,0,0,0,0,0,0,0,0,0,0,0,24649.416897795,98.0241917536528,1,0,0,0,0,0,0,0,convex2_300_4.py,ok,ok
convex2_300_5,u,r,300,0,0,0,0,0,0,0,0,0,0,0,0,20422.022375465,563.386849844514,1,0,0,0,0,0,0,0,convex2_300_5.py,ok,ok
convex2_30_1,u,r,30,0,0,0,0,0,0,0,0,0,0,0,0,164.972174525,164.972174525,1,0,0,0,0,0,0,0,convex2_30_1.py,ok,ok
convex2_30_2,u,r,30,0,0,0,0,0,0,0,0,0,0,0,0,326.425067815,326.425067815,1,0,0,0,0,0,0,0,convex2_30_2.py,ok,ok
convex2_30_3,u,r,30,0,0,0,0,0,0,0,0,0,0,0,0,232.506295635,232.506295635,1,0,0,0,0,0,0,0,convex2_30_3.py,ok,ok
convex2_30_4,u,r,30,0,0,0,0,0,0,0,0,0,0,0,0,293.35220509,293.35220509,1,0,0,0,0,0,0,0,convex2_30_4.py,ok,ok
convex2_30_5,u,r,30,0,0,0,0,0,0,0,0,0,0,0,0,273.496118255,273.496118255,1,0,0,0,0,0,0,0,convex2_30_5.py,ok,ok
convex2_35_1,u,r,35,0,0,0,0,0,0,0,0,0,0,0,0,255.84188746,12.0707124002968,1,0,0,0,0,0,0,0,convex2_35_1.py,ok,ok
convex2_35_2,u,r,35,0,0,0,0,0,0,0,0,0,0,0,0,268.45285039,11.0917020159392,1,0,0,0,0,0,0,0,convex2_35_2.py,ok,ok
convex2_35_3,u,r,35,0,0,0,0,0,0,0,0,0,0,0,0,665.97665131,13.10454068618,1,0,0,0,0,0,0,0,convex2_35_3.py,ok,ok
convex2_35_4,u,r,35,0,0,0,0,0,0,0,0,0,0,0,0,230.932516585,15.1986343933185,1,0,0,0,0,0,0,0,convex2_35_4.py,ok,ok
convex2_35_5,u,r,35,0,0,0,0,0,0,0,0,0,0,0,0,442.013528735,15.4176440469073,1,0,0,0,0,0,0,0,convex2_35_5.py,ok,ok
convex2_40_1,u,r,40,0,0,0,0,0,0,0,0,0,0,0,0,210.807933725,11.9928296355501,1,0,0,0,0,0,0,0,convex2_40_1.py,ok,ok
convex2_40_2,u,r,40,0,0,0,0,0,0,0,0,0,0,0,0,257.156498565,12.4322051790179,1,0,0,0,0,0,0,0,convex2_40_2.py,ok,ok
convex2_40_3,u,r,40,0,0,0,0,0,0,0,0,0,0,0,0,1050.10177886,11.2681906541036,1,0,0,0,0,0,0,0,convex2_40_3.py,ok,ok
convex2_40_4,u,r,40,0,0,0,0,0,0,0,0,0,0,0,0,564.34315343,12.6079390354367,1,0,0,0,0,0,0,0,convex2_40_4.py,ok,ok
convex2_40_5,u,r,40,0,0,0,0,0,0,0,0,0,0,0,0,282.97408524,12.4708177533762,1,0,0,0,0,0,0,0,convex2_40_5.py,ok,ok
convex2_45_1,u,r,45,0,0,0,0,0,0,0,0,0,0,0,0,300.671704195,14.3767520027267,1,0,0,0,0,0,0,0,convex2_45_1.py,ok,ok
convex2_45_2,u,r,45,0,0,0,0,0,0,0,0,0,0,0,0,670.97899485,13.5237757197967,1,0,0,0,0,0,0,0,convex2_45_2.py,ok,ok
convex2_45_3,u,r,45,0,0,0,0,0,0,0,0,0,0,0,0,656.18649773,17.2387331059902,1,0,0,0,0,0,0,0,convex2_45_3.py,ok,ok
convex2_45_4,u,r,45,0,0,0,0,0,0,0,0,0,0,0,0,644.21802744,14.1965624193657,1,0,0,0,0,0,0,0,convex2_45_4.py,ok,ok
convex2_45_5,u,r,45,0,0,0,0,0,0,0,0,0,0,0,0,784.24974884,15.7638964761529,1,0,0,0,0,0,0,0,convex2_45_5.py,ok,ok
convex2_50_1,u,r,50,0,0,0,0,0,0,0,0,0,0,0,0,720.613819185,18.5398322970698,1,0,0,0,0,0,0,0,convex2_50_1.py,ok,ok
convex2_50_2,u,r,50,0,0,0,0,0,0,0,0,0,0,0,0,700.19509881,16.5845396143879,1,0,0,0,0,0,0,0,convex2_50_2.py,ok,ok
convex2_50_3,u,r,50,0,0,0,0,0,0,0,0,0,0,0,0,628.333847595,17.0800316223605,1,0,0,0,0,0,0,0,convex2_50_3.py,ok,ok
convex2_50_4,u,r,50,0,0,0,0,0,0,0,0,0,0,0,0,1648.490160515,20.9637952862371,1,0,0,0,0,0,0,0,convex2_50_4.py,ok,ok
convex2_50_5,u,r,50,0,0,0,0,0,0,0,0,0,0,0,0,1426.20215413,19.692784611369,1,0,0,0,0,0,0,0,convex2_50_5.py,ok,ok
convex2_5_1,u,r,5,0,0,0,0,0,0,0,0,0,0,0,0,44.90166967,2.3537649524143,1,0,0,0,0,0,0,0,convex2_5_1.py,ok,ok
convex2_5_2,u,r,5,0,0,0,0,0,0,0,0,0,0,0,0,123.62532511,0.852500167997562,1,0,0,0,0,0,0,0,convex2_5_2.py,ok,ok
convex2_5_3,u,r,5,0,0,0,0,0,0,0,0,0,0,0,0,129.71306283,1.14769099721293,1,0,0,0,0,0,0,0,convex2_5_3.py,ok,ok
convex2_5_4,u,r,5,0,0,0,0,0,0,0,0,0,0,0,0,18.98922417,1.57597167434851,1,0,0,0,0,0,0,0,convex2_5_4.py,ok,ok
convex2_5_5,u,r,5,0,0,0,0,0,0,0,0,0,0,0,0,5.077869075,1.8407096861432,1,0,0,0,0,0,0,0,convex2_5_5.py,ok,ok
convex3_100_1,u,r,100,0,0,0,0,0,0,0,0,0,0,0,0,297,0,1,0,0,0,0,0,0,0,convex3_100_1.py,ok,ok
convex3_10_1,u,r,10,0,0,0,0,0,0,0,0,0,0,0,0,27,0,1,0,0,0,0,0,0,0,convex3_10_1.py,ok,ok
convex3_15_1,u,r,15,0,0,0,0,0,0,0,0,0,0,0,0,42,0,1,0,0,0,0,0,0,0,convex3_15_1.py,ok,ok
convex3_200_1,u,r,200,0,0,0,0,0,0,0,0,0,0,0,0,597,1.33226762955019e-14,1,0,0,0,0,0,0,0,convex3_200_1.py,ok,ok
convex3_20_1,u,r,20,0,0,0,0,0,0,0,0,0,0,0,0,57,0,1,0,0,0,0,0,0,0,convex3_20_1.py,ok,ok
convex3_25_1,u,r,25,0,0,0,0,0,0,0,0,0,0,0,0,72,0,1,0,0,0,0,0,0,0,convex3_25_1.py,ok,ok
convex3_300_1,u,r,300,0,0,0,0,0,0,0,0,0,0,0,0,897,0,1,0,0,0,0,0,0,0,convex3_300_1.py,ok,ok
convex3_30_1,u,r,30,0,0,0,0,0,0,0,0,0,0,0,0,87,0,1,0,0,0,0,0,0,0,convex3_30_1.py,ok,ok
convex3_35_1,u,r,35,0,0,0,0,0,0,0,0,0,0,0,0,102,0,1,0,0,0,0,0,0,0,convex3_35_1.py,ok,ok
convex3_40_1,u,r,40,0,0,0,0,0,0,0,0,0,0,0,0,117,8.88178419700125e-16,1,0,0,0,0,0,0,0,convex3_40_1.py,ok,ok
convex3_45_1,u,r,45,0,0,0,0,0,0,0,0,0,0,0,0,132,0,1,0,0,0,0,0,0,0,convex3_45_1.py,ok,ok
convex3_50_1,u,r,50,0,0,0,0,0,0,0,0,0,0,0,0,147,3.5527136788005e-15,1,0,0,0,0,0,0,0,convex3_50_1.py,ok,ok
convex3_5_1,u,r,5,0,0,0,0,0,0,0,0,0,0,0,0,12,0,1,0,0,0,0,0,0,0,convex3_5_1.py,ok,ok
convex4_100_1,u,r,100,0,0,0,0,0,0,0,0,0,0,0,0,1455.47332232,1455.47332232,1,0,0,0,0,0,0,0,convex4_100_1.py,ok,ok
convex4_100_2,u,r,100,0,0,0,0,0,0,0,0,0,0,0,0,1846.362874145,1846.362874145,1,0,0,0,0,0,0,0,convex4_100_2.py,ok,ok
convex4_100_3,u,r,100,0,0,0,0,0,0,0,0,0,0,0,0,3127.60550345,9.97713237391528e-13,1,0,0,0,0,0,0,0,convex4_100_3.py,ok,ok
convex4_100_4,u,r,100,0,0,0,0,0,0,0,0,0,0,0,0,2460.94379477,2460.94379477,1,0,0,0,0,0,0,0,convex4_100_4.py,ok,ok
convex4_100_5,u,r,100,0,0,0,0,0,0,0,0,0,0,0,0,3119.04218547,3119.04218547,1,0,0,0,0,0,0,0,convex4_100_5.py,ok,ok
convex4_10_1,u,r,10,0,0,0,0,0,0,0,0,0,0,0,0,61.8230663,2.73764793427813e-19,1,0,0,0,0,0,0,0,convex4_10_1.py,ok,ok
convex4_10_2,u,r,10,0,0,0,0,0,0,0,0,0,0,0,0,79.8965062,7.67994734646791e-19,1,0,0,0,0,0,0,0,convex4_10_2.py,ok,ok
convex4_10_3,u,r,10,0,0,0,0,0,0,0,0,0,0,0,0,21.565611515,1.68206176098597e-18,1,0,0,0,0,0,0,0,convex4_10_3.py,ok,ok
convex4_10_4,u,r,10,0,0,0,0,0,0,0,0,0,0,0,0,44.91110513,3.99059719148321e-20,1,0,0,0,0,0,0,0,convex4_10_4.py,ok,ok
convex4_10_5,u,r,10,0,0,0,0,0,0,0,0,0,0,0,0,66.60722736,2.75779824871249e-19,1,0,0,0,0,0,0,0,convex4_10_5.py,ok,ok
convex4_15_1,u,r,15,0,0,0,0,0,0,0,0,0,0,0,0,22.164714375,2.10373881531108e-18,1,0,0,0,0,0,0,0,convex4_15_1.py,ok,ok
convex4_15_2,u,r,15,0,0,0,0,0,0,0,0,0,0,0,0,31.79854702,6.90402613950904e-18,1,0,0,0,0,0,0,0,convex4_15_2.py,ok,ok
convex4_15_3,u,r,15,0,0,0,0,0,0,0,0,0,0,0,0,58.05932262,2.98927616285955e-18,1,0,0,0,0,0,0,0,convex4_15_3.py,ok,ok
convex4_15_4,u,r,15,0,0,0,0,0,0,0,0,0,0,0,0,232.259944815,1.10160205931803e-18,1,0,0,0,0,0,0,0,convex4_15_4.py,ok,ok
convex4_15_5,u,r,15,0,0,0,0,0,0,0,0,0,0,0,0,43.067346005,8.08872092935726e-18,1,0,0,0,0,0,0,0,convex4_15_5.py,ok,ok
convex4_200_1,u,r,200,0,0,0,0,0,0,0,0,0,0,0,0,12632.374832565,12632.374832565,1,0,0,0,0,0,0,0,convex4_200_1.py,ok,ok
convex4_200_2,u,r,200,0,0,0,0,0,0,0,0,0,0,0,0,9865.74391926,9865.74391926,1,0,0,0,0,0,0,0,convex4_200_2.py,ok,ok
convex4_200_3,u,r,200,0,0,0,0,0,0,0,0,0,0,0,0,9771.39434768501,9771.39434768501,1,0,0,0,0,0,0,0,convex4_200_3.py,ok,ok
convex4_200_4,u,r,200,0,0,0,0,0,0,0,0,0,0,0,0,7865.936525185,7865.936525185,1,0,0,0,0,0,0,0,convex4_200_4.py,ok,ok
convex4_200_5,u,r,200,0,0,0,0,0,0,0,0,0,0,0,0,10605.806624325,10605.806624325,1,0,0,0,0,0,0,0,convex4_200_5.py,ok,ok
convex4_20_1,u,r,20,0,0,0,0,0,0,0,0,0,0,0,0,214.300915955,2.72088203897474e-18,1,0,0,0,0,0,0,0,convex4_20_1.py,ok,ok
convex4_20_2,u,r,20,0,0,0,0,0,0,0,0,0,0,0,0,73.47887143,6.71925106198679e-18,1,0,0,0,0,0,0,0,convex4_20_2.py,ok,ok
convex4_20_3,u,r,20,0,0,0,0,0,0,0,0,0,0,0,0,116.7543366,4.13182098008055e-18,1,0,0,0,0,0,0,0,convex4_20_3.py,ok,ok
convex4_20_4,u,r,20,0,0,0,0,0,0,0,0,0,0,0,0,108.67591323,5.1751787668913e-18,1,0,0,0,0,0,0,0,convex4_20_4.py,ok,ok
convex4_20_5,u,r,20,0,0,0,0,0,0,0,0,0,0,0,0,114.607587845,6.22028483625535e-17,1,0,0,0,0,0,0,0,convex4_20_5.py,ok,ok
convex4_25_1,u,r,25,0,0,0,0,0,0,0,0,0,0,0,0,106.92488679,106.92488679,1,0,0,0,0,0,0,0,convex4_25_1.py,ok,ok
convex4_25_2,u,r,25,0,0,0,0,0,0,0,0,0,0,0,0,302.67657367,302.67657367,1,0,0,0,0,0,0,0,convex4_25_2.py,ok,ok
convex4_25_3,u,r,25,0,0,0,0,0,0,0,0,0,0,0,0,101.970825305,101.970825305,1,0,0,0,0,0,0,0,convex4_25_3.py,ok,ok
convex4_25_4,u,r,25,0,0,0,0,0,0,0,0,0,0,0,0,139.892231025,139.892231025,1,0,0,0,0,0,0,0,convex4_25_4.py,ok,ok
convex4_25_5,u,r,25,0,0,0,0,0,0,0,0,0,0,0,0,467.955204345,467.955204345,1,0,0,0,0,0,0,0,convex4_25_5.py,ok,ok
convex4_300_1,u,r,300,0,0,0,0,0,0,0,0,0,0,0,0,21713.7317704,1.60964741849577e-11,1,0,0,0,0,0,0,0,convex4_300_1.py,ok,ok
convex4_300_2,u,r,300,0,0,0,0,0,0,0,0,0,0,0,0,19753.66327087,1.24631837996065e-11,1,0,0,0,0,0,0,0,convex4_300_2.py,ok,ok
convex4_300_3,u,r,300,0,0,0,0,0,0,0,0,0,0,0,0,27955.826431145,2.19951814990691e-11,1,0,0,0,0,0,0,0,convex4_300_3.py,ok,ok
convex4_300_4,u,r,300,0,0,0,0,0,0,0,0,0,0,0,0,24703.56487573,1.90299208461499e-11,1,0,0,0,0,0,0,0,convex4_300_4.py,ok,ok
convex4_300_5,u,r,300,0,0,0,0,0,0,0,0,0,0,0,0,16967.99783882,8.00727168851026e-12,1,0,0,0,0,0,0,0,convex4_300_5.py,ok,ok
convex4_30_1,u,r,30,0,0,0,0,0,0,0,0,0,0,0,0,236.048818195,4.60942569435969e-17,1,0,0,0,0,0,0,0,convex4_30_1.py,ok,ok
convex4_30_2,u,r,30,0,0,0,0,0,0,0,0,0,0,0,0,226.655675415,4.25054313764486e-17,1,0,0,0,0,0,0,0,convex4_30_2.py,ok,ok
convex4_30_3,u,r,30,0,0,0,0,0,0,0,0,0,0,0,0,253.223896515,1.29615437870802e-17,1,0,0,0,0,0,0,0,convex4_30_3.py,ok,ok
convex4_30_4,u,r,30,0,0,0,0,0,0,0,0,0,0,0,0,233.38527166,3.4072109595182e-17,1,0,0,0,0,0,0,0,convex4_30_4.py,ok,ok
convex4_30_5,u,r,30,0,0,0,0,0,0,0,0,0,0,0,0,437.60419954,3.7983566964452e-17,1,0,0,0,0,0,0,0,convex4_30_5.py,ok,ok
convex4_35_1,u,r,35,0,0,0,0,0,0,0,0,0,0,0,0,248.390055045,3.74712937728884e-17,1,0,0,0,0,0,0,0,convex4_35_1.py,ok,ok
convex4_35_2,u,r,35,0,0,0,0,0,0,0,0,0,0,0,0,194.497930905,1.18862666144474e-17,1,0,0,0,0,0,0,0,convex4_35_2.py,ok,ok
convex4_35_3,u,r,35,0,0,0,0,0,0,0,0,0,0,0,0,458.33080829,3.63072447912682e-17,1,0,0,0,0,0,0,0,convex4_35_3.py,ok,ok
convex4_35_4,u,r,35,0,0,0,0,0,0,0,0,0,0,0,0,297.7507961,3.16008516143801e-17,1,0,0,0,0,0,0,0,convex4_35_4.py,ok,ok
convex4_35_5,u,r,35,0,0,0,0,0,0,0,0,0,0,0,0,178.99058873,1.31928304679061e-17,1,0,0,0,0,0,0,0,convex4_35_5.py,ok,ok
convex4_40_1,u,r,40,0,0,0,0,0,0,0,0,0,0,0,0,754.99208061,1.82366348314754e-17,1,0,0,0,0,0,0,0,convex4_40_1.py,ok,ok
convex4_40_2,u,r,40,0,0,0,0,0,0,0,0,0,0,0,0,694.453754925,4.23157599687066e-17,1,0,0,0,0,0,0,0,convex4_40_2.py,ok,ok
convex4_40_3,u,r,40,0,0,0,0,0,0,0,0,0,0,0,0,720.97572784,2.45072676652461e-17,1,0,0,0,0,0,0,0,convex4_40_3.py,ok,ok
convex4_40_4,u,r,40,0,0,0,0,0,0,0,0,0,0,0,0,924.491189655,3.57428077871969e-17,1,0,0,0,0,0,0,0,convex4_40_4.py,ok,ok
convex4_40_5,u,r,40,0,0,0,0,0,0,0,0,0,0,0,0,310.443293615,9.33836743148208e-17,1,0,0,0,0,0,0,0,convex4_40_5.py,ok,ok
convex4_45_1,u,r,45,0,0,0,0,0,0,0,0,0,0,0,0,815.38701167,1.20622502075644e-16,1,0,0,0,0,0,0,0,convex4_45_1.py,ok,ok
convex4_45_2,u,r,45,0,0,0,0,0,0,0,0,0,0,0,0,571.85642516,3.35433987316851e-17,1,0,0,0,0,0,0,0,convex4_45_2.py,ok,ok
convex4_45_3,u,r,45,0,0,0,0,0,0,0,0,0,0,0,0,681.135660845,4.41992185449022e-17,1,0,0,0,0,0,0,0,convex4_45_3.py,ok,ok
convex4_45_4,u,r,45,0,0,0,0,0,0,0,0,0,0,0,0,910.32360064,5.0246319254082e-13,1,0,0,0,0,0,0,0,convex4_45_4.py,ok,ok
convex4_45_5,u,r,45,0,0,0,0,0,0,0,0,0,0,0,0,581.353374595,4.36163136666255e-17,1,0,0,0,0,0,0,0,convex4_45_5.py,ok,ok
convex4_50_1,u,r,50,0,0,0,0,0,0,0,0,0,0,0,0,849.48773597,849.48773597,1,0,0,0,0,0,0,0,convex4_50_1.py,ok,ok
convex4_50_2,u,r,50,0,0,0,0,0,0,0,0,0,0,0,0,609.590814335,609.590814335,1,0,0,0,0,0,0,0,convex4_50_2.py,ok,ok
convex4_50_3,u,r,50,0,0,0,0,0,0,0,0,0,0,0,0,670.37914341,670.37914341,1,0,0,0,0,0,0,0,convex4_50_3.py,ok,ok
convex4_50_4,u,r,50,0,0,0,0,0,0,0,0,0,0,0,0,848.59768165,848.59768165,1,0,0,0,0,0,0,0,convex4_50_4.py,ok,ok
convex4_50_5,u,r,50,0,0,0,0,0,0,0,0,0,0,0,0,632.2137796,632.2137796,1,0,0,0,0,0,0,0,convex4_50_5.py,ok,ok
convex4_5_1,u,r,5,0,0,0,0,0,0,0,0,0,0,0,0,7.126912725,2.43425724226889e-20,1,0,0,0,0,0,0,0,convex4_5_1.py,ok,ok
convex4_5_2,u,r,5,0,0,0,0,0,0,0,0,0,0,0,0,17.42784843,1.13159569238597e-20,1,0,0,0,0,0,0,0,convex4_5_2.py,ok,ok
convex4_5_3,u,r,5,0,0,0,0,0,0,0,0,0,0,0,0,4.76133267,3.57149769273879e-20,1,0,0,0,0,0,0,0,convex4_5_3.py,ok,ok
convex4_5_4,u,r,5,0,0,0,0,0,0,0,0,0,0,0,0,7.194927665,2.28742488090602e-19,1,0,0,0,0,0,0,0,convex4_5_4.py,ok,ok
convex4_5_5,u,r,5,0,0,0,0,0,0,0,0,0,0,0,0,34.72103299,2.11562313581812e-19,1,0,0,0,0,0,0,0,convex4_5_5.py,ok,ok
cube,u,r,2,0,0,0,0,0,0,0,0,0,0,0,0,1,3.53762709661661e-05,1,0,0,0,0,0,0,0,cube.py,ok,ok
denschna,b,r,2,4,2,2,0,0,0,0,0,0,0,0,0,0,0,1,0,0,0,0,0,0,0,denschna.py,ok,ok
denschnb,u,r,2,0,0,0,0,0,0,0,0,0,0,0,0,5,0,1,0,0,0,0,0,0,0,denschnb.py,ok,ok
denschnc,b,r,2,4,2,2,0,0,0,0,0,0,0,0,0,6.66381751855084,3.30457839775907e-05,1,0,0,0,0,0,0,0,denschnc.py,ok,ok
denschnd,u,r,3,0,0,0,0,0,0,0,0,0,0,0,0,0,0,1,0,0,0,0,0,0,0,denschnd.py,ok,ok
denschne,b,r,3,6,3,3,0,0,0,0,0,0,0,0,0,0,0,1,0,0,0,0,0,0,0,denschne.py,ok,ok
denschnf,u,r,2,0,0,0,0,0,0,0,0,0,0,0,0,64,2.73347622346581e-07,1,0,0,0,0,0,0,0,denschnf.py,ok,ok
dixon3dq,u,r,10,0,0,0,0,0,0,0,0,0,0,0,0,2,3.94440000000169e-10,1,0,0,0,0,0,0,0,dixon3dq.py,ok,ok
djtl,u,r,2,0,0,0,0,0,0,0,0,0,0,0,0,24999999990995,-8951.54323069129,1,0,0,0,0,0,0,0,djtl.py,ok,ok
eg1,b,r,3,6,3,3,0,0,0,0,0,0,0,0,0,0,-1.42855302984114,1,0,0,0,0,0,0,0,eg1.py,ok,ok
eigena,b,r,110,220,110,110,0,0,0,0,0,0,0,0,0,8.59375034373627e+25,1.92963261307151,1,0,0,0,0,0,0,0,eigena.py,ok,ok
eigenals,u,r,110,0,0,0,0,0,0,0,0,0,0,0,0,395,0,1,0,0,0,0,0,0,0,eigenals.py,ok,ok
eigenb,u,r,110,0,0,0,0,0,0,0,0,0,0,0,0,59,1.37963449352804e-06,1,0,0,0,0,0,0,0,eigenb.py,ok,ok
eigenbls,u,r,110,0,0,0,0,0,0,0,0,0,0,0,0,59,1.37963449352804e-06,1,0,0,0,0,0,0,0,eigenbls.py,ok,ok
emfl,u,r,50,0,0,0,0,0,0,0,0,0,0,0,0,161.198068986695,49.4147655803583,1,0,0,0,0,0,0,0,emfl.py,ok,ok
emfl_eps,u,r,50,0,0,0,0,0,0,0,0,0,0,0,0,161.204070694061,49.414781106842,1,0,0,0,0,0,0,0,emfl_eps.py,ok,ok
emfl_vareps,b,r,51,102,51,51,0,0,0,0,0,0,0,0,0,1369500.01384266,132.98339702571,1,0,0,0,0,0,0,0,emfl_vareps.py,ok,ok
engval2,u,r,3,0,0,0,0,0,0,0,0,0,0,0,0,1237,6.94243006525099e-05,1,0,0,0,0,0,0,0,engval2.py,ok,ok
errinros,u,r,50,0,0,0,0,0,0,0,0,0,0,0,0,49,39.9041570584742,1,0,0,0,0,0,0,0,errinros.py,ok,ok
esfl,u,r,2,0,0,0,0,0,0,0,0,0,0,0,0,374.049489013002,191.22391241307,1,0,0,0,0,0,0,0,esfl.py,ok,ok
ex4_1_1,b,r,1,2,1,1,0,0,0,0,0,0,0,0,0,5228.08609375,-7.4873122610988,1,0,0,0,0,0,0,0,ex4_1_1.py,ok,ok
ex4_1_2,b,r,1,2,1,1,0,0,0,0,0,0,0,0,0,801441600.433019,-663.500096548722,1,0,0,0,0,0,0,0,ex4_1_2.py,ok,ok
ex4_1_3,b,r,1,2,1,1,0,0,0,0,0,0,0,0,0,-312.94966126,-443.671704533593,1,0,0,0,0,0,0,0,ex4_1_3.py,ok,ok
ex4_1_4,b,r,1,2,1,1,0,0,0,0,0,0,0,0,0,0,4.57910989126731e-08,1,0,0,0,0,0,0,0,ex4_1_4.py,ok,ok
ex4_1_5,b,r,2,4,2,2,0,0,0,0,0,0,0,0,0,2.59636327084531e+21,1.14584810217945e-07,1,0,0,0,0,0,0,0,ex4_1_5.py,ok,ok
ex4_1_6,b,r,1,2,1,1,0,0,0,0,0,0,0,0,0,250,7.00000022853243,1,0,0,0,0,0,0,0,ex4_1_6.py,ok,ok
ex4_1_7,b,r,1,2,1,1,0,0,0,0,0,0,0,0,0,0,-7.49999961439271,1,0,0,0,0,0,0,0,ex4_1_7.py,ok,ok
ex8_1_1,b,r,2,4,2,2,0,0,0,0,0,0,0,0,0,-0.5,-2.02180664692214,1,0,0,0,0,0,0,0,ex8_1_1.py,ok,ok
ex8_1_2,b,r,1,2,1,1,0,0,0,0,0,0,0,0,0,-1.05302288811465,-1.07086087473059,1,0,0,0,0,0,0,0,ex8_1_2.py,ok,ok
ex8_1_3,u,r,2,0,0,0,0,0,0,0,0,0,0,0,0,600,3.00000048487383,1,0,0,0,0,0,0,0,ex8_1_3.py,ok,ok
ex8_1_4,u,r,2,0,0,0,0,0,0,0,0,0,0,0,0,0,1.83887460674408e-07,1,0,0,0,0,0,0,0,ex8_1_4.py,ok,ok
ex8_1_5,u,r,2,0,0,0,0,0,0,0,0,0,0,0,0,0,-1.03162777840038,1,0,0,0,0,0,0,0,ex8_1_5.py,ok,ok
ex8_1_6,u,r,2,0,0,0,0,0,0,0,0,0,0,0,0,-0.493498414533013,-10.0860013441582,1,0,0,0,0,0,0,0,ex8_1_6.py,ok,ok
expfit,b,r,2,4,2,2,0,0,0,0,0,0,0,0,0,24.0625,0.241499145734087,1,0,0,0,0,0,0,0,expfit.py,ok,ok
explin,b,r,120,240,120,120,0,0,0,0,0,0,0,0,0,-362878.175060393,-723521.776966597,1,0,0,0,0,0,0,0,explin.py,ok,ok
explin2,b,r,120,240,120,120,0,0,0,0,0,0,0,0,0,-362949.446050868,-724459.142958047,1,0,0,0,0,0,0,0,explin2.py,ok,ok
expquad,b,r,120,240,120,120,0,0,0,0,0,0,0,0,0,7.30394726760936e+35,-3624599.88827968,1,0,0,0,0,0,0,0,expquad.py,ok,ok
extrosnb,u,r,10,0,0,0,0,0,0,0,0,0,0,0,0,1,3.3410370178609e-05,1,0,0,0,0,0,0,0,extrosnb.py,ok,ok
fermat2_vareps,b,r,3,6,3,3,0,0,0,0,0,0,0,0,0,20000.0020999997,4.47213595499958,1,0,0,0,0,0,0,0,fermat2_vareps.py,ok,ok
fermat_vareps,b,r,3,6,3,3,0,0,0,0,0,0,0,0,0,20000.0035999993,7.464747114087,1,0,0,0,0,0,0,0,fermat_vareps.py,ok,ok
fletcbv2,u,r,100,0,0,0,0,0,0,0,0,0,0,0,0,-0.00980296049406923,-0.51400671958298,1,0,0,0,0,0,0,0,fletcbv2.py,ok,ok
fletchcr,u,r,100,0,0,0,0,0,0,0,0,0,0,0,0,9900,1.46080886299977e-05,1,0,0,0,0,0,0,0,fletchcr.py,ok,ok
genhumps,u,r,5,0,0,0,0,0,0,0,0,0,0,0,0,0,0,1,0,0,0,0,0,0,0,genhumps.py,ok,ok
gold,b,r,2,4,2,2,0,0,0,0,0,0,0,0,0,600,3.00000001734483,1,0,0,0,0,0,0,0,gold.py,ok,ok
griewank,b,r,2,4,2,2,0,0,0,0,0,0,0,0,0,0,0,1,0,0,0,0,0,0,0,griewank.py,ok,ok
growth,b,r,3,6,3,3,0,0,0,0,0,0,0,0,0,3542.14903046,1.00403722907135,1,0,0,0,0,0,0,0,growth.py,ok,ok
growthls,b,r,3,6,3,3,0,0,0,0,0,0,0,0,0,3542.14903046,1.00403552293073,1,0,0,0,0,0,0,0,growthls.py,ok,ok
hadamals,b,r,90,180,90,90,0,0,0,0,0,0,0,0,0,981,25.3164160463737,1,0,0,0,0,0,0,0,hadamals.py,ok,ok
hairy,u,r,2,0,0,0,0,0,0,0,0,0,0,0,0,20,20,1,0,0,0,0,0,0,0,hairy.py,ok,ok
harkerp2,b,r,100,200,100,100,0,0,0,0,0,0,0,0,0,16666249500000,-0.5,1,0,0,0,0,0,0,0,harkerp2.py,ok,ok
hart6,b,r,6,12,6,6,0,0,0,0,0,0,0,0,0,-0.52794237596444,-3.32193855828264,1,0,0,0,0,0,0,0,hart6.py,ok,ok
hatflda,b,r,4,8,4,4,0,0,0,0,0,0,0,0,0,97883680.6564403,5.84469814229811e-05,1,0,0,0,0,0,0,0,hatflda.py,ok,ok
hatfldb,b,r,4,8,4,4,0,0,0,0,0,0,0,0,0,74286513.6549506,0.00557338935792066,1,0,0,0,0,0,0,0,hatfldb.py,ok,ok
hatfldc,b,r,4,8,4,4,0,0,0,0,0,0,0,0,0,1042,2.65758240897949e-07,1,0,0,0,0,0,0,0,hatfldc.py,ok,ok
hatfldd,b,r,3,6,3,3,0,0,0,0,0,0,0,0,0,46.88404086,2.10904641791715,1,0,0,0,0,0,0,0,hatfldd.py,ok,ok
heart6ls,u,r,6,0,0,0,0,0,0,0,0,0,0,0,0,473.812412,1.86240963804306e-07,1,0,0,0,0,0,0,0,heart6ls.py,ok,ok
heart8ls,u,r,8,0,0,0,0,0,0,0,0,0,0,0,0,264.311936,2.44843310794189e-06,1,0,0,0,0,0,0,0,heart8ls.py,ok,ok
hilberta,u,r,10,0,0,0,0,0,0,0,0,0,0,0,0,0,0,1,0,0,0,0,0,0,0,hilberta.py,ok,ok
hilbertb,u,r,50,0,0,0,0,0,0,0,0,0,0,0,0,0,0,1,0,0,0,0,0,0,0,hilbertb.py,ok,ok
himmelbb,u,r,2,0,0,0,0,0,0,0,0,0,0,0,0,0,0,1,0,0,0,0,0,0,0,himmelbb.py,ok,ok
himmelbf,u,r,4,0,0,0,0,0,0,0,0,0,0,0,0,70000,318.571756533289,1,0,0,0,0,0,0,0,himmelbf.py,ok,ok
himmelbg,b,r,2,4,2,2,0,0,0,0,0,0,0,0,0,0,0,1,0,0,0,0,0,0,0,himmelbg.py,ok,ok
himmelp1,b,r,2,4,2,2,0,0,0,0,0,0,0,0,0,-2.67670315621035,-62.0538689528405,1,0,0,0,0,0,0,0,himmelp1.py,ok,ok
hs001,b,r,2,4,2,2,0,0,0,0,0,0,0,0,0,2499250057.25,7.1028978774084e-06,1,0,0,0,0,0,0,0,hs001.py,ok,ok
hs002,u,r,2,0,0,0,0,0,0,0,0,0,0,0,0,1,0,1,0,0,0,0,0,0,0,hs002.py,ok,ok
hs003,b,r,2,4,2,2,0,0,0,0,0,0,0,0,0,5250,0,1,0,0,0,0,0,0,0,hs003.py,ok,ok
hs004,b,r,2,4,2,2,0,0,0,0,0,0,0,0,0,41704182917.7917,2.66666666666667,1,0,0,0,0,0,0,0,hs004.py,ok,ok
hs005,b,r,2,4,2,2,0,0,0,0,0,0,0,0,0,1.63648461935559,-1.91318415136814,1,0,0,0,0,0,0,0,hs005.py,ok,ok
hs038,b,r,4,8,4,4,0,0,0,0,0,0,0,0,0,42,0.000129124256939443,1,0,0,0,0,0,0,0,hs038.py,ok,ok
hs045,b,r,5,10,5,5,0,0,0,0,0,0,0,0,0,1.96875,1,1,0,0,0,0,0,0,0,hs045.py,ok,ok
hs110,b,r,10,20,10,10,0,0,0,0,0,0,0,0,0,2.4362411134561,-45.7784686804336,1,0,0,0,0,0,0,0,hs110.py,ok,ok
hs3mod,b,r,2,4,2,2,0,0,0,0,0,0,0,0,0,25005000,0,1,0,0,0,0,0,0,0,hs3mod.py,ok,ok
hs5,b,r,2,4,2,2,0,0,0,0,0,0,0,0,0,1.63648461935559,-1.91318415136814,1,0,0,0,0,0,0,0,hs5.py,ok,ok
humps,u,r,2,0,0,0,0,0,0,0,0,0,0,0,0,0,0,1,0,0,0,0,0,0,0,humps.py,ok,ok
jensmp,b,r,2,4,2,2,0,0,0,0,0,0,0,0,0,1540,124.362182625848,1,0,0,0,0,0,0,0,jensmp.py,ok,ok
kowalik,b,r,4,8,4,4,0,0,0,0,0,0,0,0,0,0.00167446309537746,0.000329485383930504,1,0,0,0,0,0,0,0,kowalik.py,ok,ok
kowosb,u,r,4,0,0,0,0,0,0,0,0,0,0,0,0,0.14841318,0.000553102445528602,1,0,0,0,0,0,0,0,kowosb.py,ok,ok
least,b,r,3,6,3,3,0,0,0,0,0,0,0,0,0,752888,14085.1398489374,1,0,0,0,0,0,0,0,least.py,ok,ok
levy3,b,r,2,4,2,2,0,0,0,0,0,0,0,0,0,-19.8758362498021,-210.482293972873,1,0,0,0,0,0,0,0,levy3.py,ok,ok
loghairy,u,r,2,0,0,0,0,0,0,0,0,0,0,0,0,0.182321556793955,0.182321556793955,1,0,0,0,0,0,0,0,loghairy.py,ok,ok
logros,b,r,2,4,2,2,0,0,0,0,0,0,0,0,0,43.2787130976398,5.02973545776044e-07,1,0,0,0,0,0,0,0,logros.py,ok,ok
maratosb,u,r,2,0,0,0,0,0,0,0,0,0,0,0,0,1000000,-1,1,0,0,0,0,0,0,0,maratosb.py,ok,ok
mdhole,b,r,2,4,2,2,0,0,0,0,0,0,0,0,0,5097.60776841295,0,1,0,0,0,0,0,0,0,mdhole.py,ok,ok
median,u,r,1,0,0,0,0,0,0,0,0,0,0,0,0,9.3353900869,4.9424198311,1,0,0,0,0,0,0,0,median.py,ok,ok
median_vareps,b,r,2,4,2,2,0,0,0,0,0,0,0,0,0,100000.000657248,4.62706754754179,1,0,0,0,0,0,0,0,median_vareps.py,ok,ok
mexhat,u,r,2,0,0,0,0,0,0,0,0,0,0,0,0,9602,-0.040094721270754,1,0,0,0,0,0,0,0,mexhat.py,ok,ok
nasty,u,r,2,0,0,0,0,0,0,0,0,0,0,0,0,0,0,1,0,0,0,0,0,0,0,nasty.py,ok,ok
nnls,b,r,300,600,300,300,0,0,0,0,0,0,0,0,0,2.46802427363464e+15,632613.53119469,1,0,0,0,0,0,0,0,nnls.py,ok,ok
nonmsqrt,u,r,9,0,0,0,0,0,0,0,0,0,0,0,0,3.31825542768074,0.752754431439131,1,0,0,0,0,0,0,0,nonmsqrt.py,ok,ok
osborne1,b,r,5,10,5,5,0,0,0,0,0,0,0,0,0,14.284645,0.000291450771105636,1,0,0,0,0,0,0,0,osborne1.py,ok,ok
osbornea,b,r,5,10,5,5,0,0,0,0,0,0,0,0,0,14.284645,8.34898726959415e-05,1,0,0,0,0,0,0,0,osbornea.py,ok,ok
osborneb,b,r,11,22,11,11,0,0,0,0,0,0,0,0,0,28.171613,0.0401378046501467,1,0,0,0,0,0,0,0,osborneb.py,ok,ok
oslbqp,b,r,8,16,8,8,0,0,0,0,0,0,0,0,0,62511261.325,6.25,1,0,0,0,0,0,0,0,oslbqp.py,ok,ok
palmer1,b,r,4,8,4,4,0,0,0,0,0,0,0,0,0,64655.3232791899,11754.6025454605,1,0,0,0,0,0,0,0,palmer1.py,ok,ok
palmer1c,u,r,8,0,0,0,0,0,0,0,0,0,0,0,0,107407.392468803,0.097609557650107,1,0,0,0,0,0,0,0,palmer1c.py,ok,ok
palmer1d,u,r,7,0,0,0,0,0,0,0,0,0,0,0,0,107407.392468803,0.652917899939241,1,0,0,0,0,0,0,0,palmer1d.py,ok,ok
palmer1e,b,r,8,16,8,8,0,0,0,0,0,0,0,0,0,107407.392468803,0.000835628650753637,1,0,0,0,0,0,0,0,palmer1e.py,ok,ok
palmer2a,b,r,6,12,6,6,0,0,0,0,0,0,0,0,0,15360.4181040675,0.0171770184798028,1,0,0,0,0,0,0,0,palmer2a.py,ok,ok
palmer2c,u,r,8,0,0,0,0,0,0,0,0,0,0,0,0,16103.0196426386,0.0144250771654074,1,0,0,0,0,0,0,0,palmer2c.py,ok,ok
palmer2e,b,r,8,16,8,8,0,0,0,0,0,0,0,0,0,16103.0196426386,0.00077737713685363,1,0,0,0,0,0,0,0,palmer2e.py,ok,ok
palmer3,b,r,4,8,4,4,0,0,0,0,0,0,0,0,0,15111.8902148834,2265.95821876809,1,0,0,0,0,0,0,0,palmer3.py,ok,ok
palmer3c,u,r,8,0,0,0,0,0,0,0,0,0,0,0,0,15824.0400351792,0.0195891157795229,1,0,0,0,0,0,0,0,palmer3c.py,ok,ok
palmer3e,b,r,8,16,8,8,0,0,0,0,0,0,0,0,0,15111.8901551792,0.000102688605422141,1,0,0,0,0,0,0,0,palmer3e.py,ok,ok
palmer4,b,r,4,8,4,4,0,0,0,0,0,0,0,0,0,16529.9341691627,2285.38363336156,1,0,0,0,0,0,0,0,palmer4.py,ok,ok
palmer4c,u,r,8,0,0,0,0,0,0,0,0,0,0,0,0,17275.0029398825,0.0504405401957862,1,0,0,0,0,0,0,0,palmer4c.py,ok,ok
palmer4e,b,r,8,16,8,8,0,0,0,0,0,0,0,0,0,17275.0029398825,0.000162491571769478,1,0,0,0,0,0,0,0,palmer4e.py,ok,ok
palmer5a,b,r,8,16,8,8,0,0,0,0,0,0,0,0,0,25867.0500058182,0.0208543617549536,1,0,0,0,0,0,0,0,palmer5a.py,ok,ok
palmer5b,b,r,9,18,9,9,0,0,0,0,0,0,0,0,0,25867.0500058182,0.00993037838990284,1,0,0,0,0,0,0,0,palmer5b.py,ok,ok
palmer5c,u,r,6,0,0,0,0,0,0,0,0,0,0,0,0,26686.4655970625,2.12808698350588,1,0,0,0,0,0,0,0,palmer5c.py,ok,ok
palmer5d,u,r,4,0,0,0,0,0,0,0,0,0,0,0,0,26686.4655970625,87.3399594885154,1,0,0,0,0,0,0,0,palmer5d.py,ok,ok
palmer5e,b,r,8,16,8,8,0,0,0,0,0,0,0,0,0,26686.4655970625,0.0207133938681859,1,0,0,0,0,0,0,0,palmer5e.py,ok,ok
palmer6a,b,r,6,12,6,6,0,0,0,0,0,0,0,0,0,7768.21139127726,0.0559704532275516,1,0,0,0,0,0,0,0,palmer6a.py,ok,ok
palmer6c,u,r,8,0,0,0,0,0,0,0,0,0,0,0,0,8103.34592346136,0.0167090743678256,1,0,0,0,0,0,0,0,palmer6c.py,ok,ok
palmer6e,b,r,8,16,8,8,0,0,0,0,0,0,0,0,0,8103.34592346136,0.000231686429617715,1,0,0,0,0,0,0,0,palmer6e.py,ok,ok
palmer7c,u,r,8,0,0,0,0,0,0,0,0,0,0,0,0,21597.1780177122,0.601986064100864,1,0,0,0,0,0,0,0,palmer7c.py,ok,ok
palmer7e,b,r,8,16,8,8,0,0,0,0,0,0,0,0,0,21597.1780177122,6.52809226510045,1,0,0,0,0,0,0,0,palmer7e.py,ok,ok
palmer8a,b,r,6,12,6,6,0,0,0,0,0,0,0,0,0,17620.5943151888,0.0740096979551828,1,0,0,0,0,0,0,0,palmer8a.py,ok,ok
palmer8c,u,r,8,0,0,0,0,0,0,0,0,0,0,0,0,18140.8954386757,0.15990343185777,1,0,0,0,0,0,0,0,palmer8c.py,ok,ok
palmer8e,b,r,8,16,8,8,0,0,0,0,0,0,0,0,0,18140.8954386757,0.00635723170213048,1,0,0,0,0,0,0,0,palmer8e.py,ok,ok
penalty2,b,r,100,200,100,100,0,0,0,0,0,0,0,0,0,97097.2952291115,97096.0839548917,1,0,0,0,0,0,0,0,penalty2.py,ok,ok
polygon,b,r,19,38,19,19,0,0,0,0,0,0,0,0,0,1.22464685258517e-16,-9.99989899485045,1,0,0,0,0,0,0,0,polygon.py,ok,ok
powell,b,r,4,8,4,4,0,0,0,0,0,0,0,0,0,30.3125,3.32120305874771e-06,1,0,0,0,0,0,0,0,powell.py,ok,ok
price,b,r,2,4,2,2,0,0,0,0,0,0,0,0,0,0,0,1,0,0,0,0,0,0,0,price.py,ok,ok
problem2.1,b,r,2,4,2,2,0,0,0,0,0,0,0,0,0,8,nan,0,0,0,0,0,0,0,0,problem2.1.py,ok,dimension_mismatch:3!=2
problem2.10,u,r,4,0,0,0,0,0,0,0,0,0,0,0,0,2981.38523702482,115.706464088666,1,0,0,0,0,0,0,0,problem2.10.py,ok,ok
problem2.11,u,r,4,0,0,0,0,0,0,0,0,0,0,0,0,1,0.00263656677085333,1,0,0,0,0,0,0,0,problem2.11.py,ok,ok
problem2.12,u,r,4,0,0,0,0,0,0,0,0,0,0,0,0,2,0.00201994472733724,1,0,0,0,0,0,0,0,problem2.12.py,ok,ok
problem2.13,b,r,4,8,4,4,0,0,0,0,0,0,0,0,0,1e+300,2.47595672620005e-06,1,0,0,0,0,0,0,0,problem2.13.py,ok,ok
problem2.14,u,r,5,0,0,0,0,0,0,0,0,0,0,0,0,2.71828182845905,0.000132529746567744,1,0,0,0,0,0,0,0,problem2.14.py,ok,ok
problem2.15,u,r,5,0,0,0,0,0,0,0,0,0,0,0,0,1.76541984305416,0.0223406912220332,1,0,0,0,0,0,0,0,problem2.15.py,ok,ok
problem2.16,u,r,6,0,0,0,0,0,0,0,0,0,0,0,0,1.61888777340693,0.0350518522573088,1,0,0,0,0,0,0,0,problem2.16.py,ok,ok
problem2.17,u,r,6,0,0,0,0,0,0,0,0,0,0,0,0,1.61888777340693,2.0283130162666,1,0,0,0,0,0,0,0,problem2.17.py,ok,ok
problem2.18,u,r,9,0,0,0,0,0,0,0,0,0,0,0,0,1,0.00618653318813345,1,0,0,0,0,0,0,0,problem2.18.py,ok,ok
problem2.19,u,r,7,0,0,0,0,0,0,0,0,0,0,0,0,1183,680.63006720612,1,0,0,0,0,0,0,0,problem2.19.py,ok,ok
problem2.2,b,r,2,4,2,2,0,0,0,0,0,0,0,0,0,0,0,1,0,0,0,0,0,0,0,problem2.2.py,ok,ok
problem2.20,u,r,10,0,0,0,0,0,0,0,0,0,0,0,0,9032,24.3063506780718,1,0,0,0,0,0,0,0,problem2.20.py,ok,ok
problem2.21,u,r,20,0,0,0,0,0,0,0,0,0,0,0,0,10294,133.728392164081,1,0,0,0,0,0,0,0,problem2.21.py,ok,ok
problem2.22,b,r,10,20,10,10,0,0,0,0,0,0,0,0,0,54.5981500331442,54.5981500331442,1,0,0,0,0,0,0,0,problem2.22.py,ok,ok
problem2.23,b,r,11,22,11,11,0,0,0,0,0,0,0,0,0,4.7904020142212,5.24769362481247,1,0,0,0,0,0,0,0,problem2.23.py,ok,ok
problem2.24,u,r,20,0,0,0,0,0,0,0,0,0,0,0,0,1,1,1,0,0,0,0,0,0,0,problem2.24.py,ok,ok
problem2.25,b,r,11,22,11,11,0,0,0,0,0,0,0,0,0,1.366,0.0480287407386725,1,0,0,0,0,0,0,0,problem2.25.py,ok,ok
problem2.3,u,r,2,0,0,0,0,0,0,0,0,0,0,0,0,0,0,1,0,0,0,0,0,0,0,problem2.3.py,ok,ok
problem2.4,u,r,3,0,0,0,0,0,0,0,0,0,0,0,0,4,3.599720625485,1,0,0,0,0,0,0,0,problem2.4.py,ok,ok
problem2.5,u,r,4,0,0,0,0,0,0,0,0,0,0,0,0,0,-44,1,0,0,0,0,0,0,0,problem2.5.py,ok,ok
problem2.6,u,r,4,0,0,0,0,0,0,0,0,0,0,0,0,12,-44,1,0,0,0,0,0,0,0,problem2.6.py,ok,ok
problem2.7,u,r,3,0,0,0,0,0,0,0,0,0,0,0,0,1e+300,0.00431290504948868,1,0,0,0,0,0,0,0,problem2.7.py,ok,ok
problem2.8,u,r,3,0,0,0,0,0,0,0,0,0,0,0,0,1e+300,0.0511111828925872,1,0,0,0,0,0,0,0,problem2.8.py,ok,ok
problem2.9,u,r,4,0,0,0,0,0,0,0,0,0,0,0,0,0.1957,0.00808473809814078,1,0,0,0,0,0,0,0,problem2.9.py,ok,ok
problem3.1,u,r,2,0,0,0,0,0,0,0,0,0,0,0,0,1,0,1,0,0,0,0,0,0,0,problem3.1.py,ok,ok
problem3.10,u,r,2,0,0,0,0,0,0,0,0,0,0,0,0,0,-7.999999999964,1,0,0,0,0,0,0,0,problem3.10.py,ok,ok
problem3.11,u,r,4,0,0,0,0,0,0,0,0,0,0,0,0,0,-44,1,0,0,0,0,0,0,0,problem3.11.py,ok,ok
problem3.12,u,r,5,0,0,0,0,0,0,0,0,0,0,0,0,110,22.600177404282,1,0,0,0,0,0,0,0,problem3.12.py,ok,ok
problem3.13,b,r,5,10,5,5,0,0,0,0,0,0,0,0,0,250,-32.3484911062467,1,0,0,0,0,0,0,0,problem3.13.py,ok,ok
problem3.15,u,r,6,0,0,0,0,0,0,0,0,0,0,0,0,8.02100361066862,0.559815678276849,1,0,0,0,0,0,0,0,problem3.15.py,mismatch,ok
problem3.16,u,r,10,0,0,0,0,0,0,0,0,0,0,0,0,0,-0.841395532275927,1,0,0,0,0,0,0,0,problem3.16.py,ok,ok
problem3.17,u,r,10,0,0,0,0,0,0,0,0,0,0,0,0,30,9.82578653977076,1,0,0,0,0,0,0,0,problem3.17.py,ok,ok
problem3.18,u,r,12,0,0,0,0,0,0,0,0,0,0,0,0,48.2233633775995,16.7038375536792,1,0,0,0,0,0,0,0,problem3.18.py,ok,ok
problem3.19,u,r,20,0,0,0,0,0,0,0,0,0,0,0,0,0,0,1,0,0,0,0,0,0,0,problem3.19.py,ok,ok
problem3.2,u,r,2,0,0,0,0,0,0,0,0,0,0,0,0,0,0,1,0,0,0,0,0,0,0,problem3.2.py,ok,ok
problem3.20,u,r,20,0,0,0,0,0,0,0,0,0,0,0,0,0,0,1,0,0,0,0,0,0,0,problem3.20.py,ok,ok
problem3.21,u,r,48,0,0,0,0,0,0,0,0,0,0,0,0,-464816,-638565,1,0,0,0,0,0,0,0,problem3.21.py,ok,ok
problem3.22,u,r,50,0,0,0,0,0,0,0,0,0,0,0,0,0,0,1,0,0,0,0,0,0,0,problem3.22.py,ok,ok
problem3.23,u,r,50,0,0,0,0,0,0,0,0,0,0,0,0,0,0,1,0,0,0,0,0,0,0,problem3.23.py,ok,ok
problem3.24,u,r,50,0,0,0,0,0,0,0,0,0,0,0,0,0,0,1,0,0,0,0,0,0,0,problem3.24.py,ok,ok
problem3.25,b,r,15,30,15,15,0,0,0,0,0,0,0,0,0,10800,32.3566536982002,1,0,0,0,0,0,0,0,problem3.25.py,ok,ok
problem3.3,b,r,2,4,2,2,0,0,0,0,0,0,0,0,0,8,1.952225063825,1,0,0,0,0,0,0,0,problem3.3.py,ok,ok
problem3.4,b,r,2,4,2,2,0,0,0,0,0,0,0,0,0,8,2,1,0,0,0,0,0,0,0,problem3.4.py,ok,ok
problem3.5,u,r,2,0,0,0,0,0,0,0,0,0,0,0,0,0,-3,1,0,0,0,0,0,0,0,problem3.5.py,ok,ok
problem3.6,u,r,2,0,0,0,0,0,0,0,0,0,0,0,0,60,7.200000000005,1,0,0,0,0,0,0,0,problem3.6.py,ok,ok
problem3.7,u,r,2,0,0,0,0,0,0,0,0,0,0,0,0,0,-1.414213381102,1,0,0,0,0,0,0,0,problem3.7.py,ok,ok
problem3.8,u,r,2,0,0,0,0,0,0,0,0,0,0,0,0,0,-1,1,0,0,0,0,0,0,0,problem3.8.py,ok,ok
problem3.9,u,r,2,0,0,0,0,0,0,0,0,0,0,0,0,-0.25,-1,1,0,0,0,0,0,0,0,problem3.9.py,ok,ok
pspdoc,b,r,4,8,4,4,0,0,0,0,0,0,0,0,0,5001.50009999,2.41421356237309,1,0,0,0,0,0,0,0,pspdoc.py,ok,ok
qr3d,b,r,155,310,155,155,0,0,0,0,0,0,0,0,0,426.29,0.106954628697575,1,0,0,0,0,0,0,0,qr3d.py,ok,ok
qr3dbd,b,r,127,254,127,127,0,0,0,0,0,0,0,0,0,426.29,0.0519928513728826,1,0,0,0,0,0,0,0,qr3dbd.py,ok,ok
qr3dls,b,r,155,310,155,155,0,0,0,0,0,0,0,0,0,426.29,2.81260934479973e-06,1,0,0,0,0,0,0,0,qr3dls.py,ok,ok
qrtquad,b,r,120,240,120,120,0,0,0,0,0,0,0,0,0,1755062.5,-3648088.36397505,1,0,0,0,0,0,0,0,qrtquad.py,ok,ok
qudlin,b,r,12,24,12,12,0,0,0,0,0,0,0,0,0,-3750,-7200,1,0,0,0,0,0,0,0,qudlin.py,ok,ok
rbrock,b,r,2,4,2,2,0,0,0,0,0,0,0,0,0,3918.5,2.08017083649363e-07,1,0,0,0,0,0,0,0,rbrock.py,ok,ok
rosenbr,u,r,2,0,0,0,0,0,0,0,0,0,0,0,0,1,1.23640505607336e-07,1,0,0,0,0,0,0,0,rosenbr.py,ok,ok
s201,u,r,2,0,0,0,0,0,0,0,0,0,0,0,0,136,0,1,0,0,0,0,0,0,0,s201.py,ok,ok
s202,u,r,2,0,0,0,0,0,0,0,0,0,0,0,0,1010,1.16926591734726e-06,1,0,0,0,0,0,0,0,s202.py,ok,ok
s204,u,r,2,0,0,0,0,0,0,0,0,0,0,0,0,0.183601201509,0.183601201509,1,0,0,0,0,0,0,0,s204.py,ok,ok
s205,u,r,2,0,0,0,0,0,0,0,0,0,0,0,0,14.203125,0.000389867145411177,1,0,0,0,0,0,0,0,s205.py,ok,ok
s206,u,r,2,0,0,0,0,0,0,0,0,0,0,0,0,100,1.85888440341656e-05,1,0,0,0,0,0,0,0,s206.py,ok,ok
s207,u,r,2,0,0,0,0,0,0,0,0,0,0,0,0,1,2.62939062499976e-07,1,0,0,0,0,0,0,0,s207.py,ok,ok
s208,u,r,2,0,0,0,0,0,0,0,0,0,0,0,0,1,1.23640505607333e-07,1,0,0,0,0,0,0,0,s208.py,ok,ok
s209,u,r,2,0,0,0,0,0,0,0,0,0,0,0,0,1,0.000904000063228501,1,0,0,0,0,0,0,0,s209.py,ok,ok
s210,u,r,2,0,0,0,0,0,0,0,0,0,0,0,0,1,9.62633450232705e-05,1,0,0,0,0,0,0,0,s210.py,ok,ok
s211,u,r,2,0,0,0,0,0,0,0,0,0,0,0,0,1,3.53762709661661e-05,1,0,0,0,0,0,0,0,s211.py,ok,ok
s212,u,r,2,0,0,0,0,0,0,0,0,0,0,0,0,0,0,1,0,0,0,0,0,0,0,s212.py,ok,ok
s213,u,r,2,0,0,0,0,0,0,0,0,0,0,0,0,1,1.67361496978937e-05,1,0,0,0,0,0,0,0,s213.py,ok,ok
s214,u,r,2,0,0,0,0,0,0,0,0,0,0,0,0,1,0,1,0,0,0,0,0,0,0,s214.py,ok,ok
s229,b,r,2,4,2,2,0,0,0,0,0,0,0,0,0,1,3.43360502206138e-05,1,0,0,0,0,0,0,0,s229.py,ok,ok
s240,u,r,3,0,0,0,0,0,0,0,0,0,0,0,0,0,0,1,0,0,0,0,0,0,0,s240.py,ok,ok
s242,b,r,3,6,3,3,0,0,0,0,0,0,0,0,0,76.6001424316727,0.00124631032668481,1,0,0,0,0,0,0,0,s242.py,ok,ok
s243,u,r,3,0,0,0,0,0,0,0,0,0,0,0,0,0.796555231921,0.796451496057536,1,0,0,0,0,0,0,0,s243.py,ok,ok
s244,b,r,3,6,3,3,0,0,0,0,0,0,0,0,0,10.3581750157746,0.00023645021022377,1,0,0,0,0,0,0,0,s244.py,ok,ok
s245,b,r,3,6,3,3,0,0,0,0,0,0,0,0,0,0,0,1,0,0,0,0,0,0,0,s245.py,ok,ok
s246,u,r,3,0,0,0,0,0,0,0,0,0,0,0,0,2,4.67746531576528e-08,1,0,0,0,0,0,0,0,s246.py,ok,ok
s256,u,r,4,0,0,0,0,0,0,0,0,0,0,0,0,0,0,1,0,0,0,0,0,0,0,s256.py,ok,ok
s257,b,r,4,8,4,4,0,0,0,0,0,0,0,0,0,1.18750000049881e+17,0.000371168107318193,1,0,0,0,0,0,0,0,s257.py,ok,ok
s258,u,r,4,0,0,0,0,0,0,0,0,0,0,0,0,42,6.13402794959492e-05,1,0,0,0,0,0,0,0,s258.py,ok,ok
s259,b,r,4,8,4,4,0,0,0,0,0,0,0,0,0,2274654044.75,-8.54460596907957,1,0,0,0,0,0,0,0,s259.py,ok,ok
s260,u,r,4,0,0,0,0,0,0,0,0,0,0,0,0,42,0.000756410107185962,1,0,0,0,0,0,0,0,s260.py,ok,ok
s261,b,r,4,8,4,4,0,0,0,0,0,0,0,0,0,2,4.15040381743191e-07,1,0,0,0,0,0,0,0,s261.py,ok,ok
s266,u,r,5,0,0,0,0,0,0,0,0,0,0,0,0,1.00000023136894,1.00000023136894,1,0,0,0,0,0,0,0,s266.py,ok,ok
s267,b,r,5,10,5,5,0,0,0,0,0,0,0,0,0,51.9242261893601,0.00264998773273934,1,0,0,0,0,0,0,0,s267.py,ok,ok
s271,u,r,6,0,0,0,0,0,0,0,0,0,0,0,0,750,0,1,0,0,0,0,0,0,0,s271.py,ok,ok
s272,b,r,6,12,6,6,0,0,0,0,0,0,0,0,0,9.86373227456031,7.70371977754894e-32,1,0,0,0,0,0,0,0,s272.py,ok,ok
s273,u,r,6,0,0,0,0,0,0,0,0,0,0,0,0,57000,0,1,0,0,0,0,0,0,0,s273.py,ok,ok
s274,u,r,2,0,0,0,0,0,0,0,0,0,0,0,0,0,0,1,0,0,0,0,0,0,0,s274.py,ok,ok
s275,u,r,4,0,0,0,0,0,0,0,0,0,0,0,0,0,0,1,0,0,0,0,0,0,0,s275.py,ok,ok
s276,u,r,6,0,0,0,0,0,0,0,0,0,0,0,0,0,0,1,0,0,0,0,0,0,0,s276.py,ok,ok
s281,u,r,10,0,0,0,0,0,0,0,0,0,0,0,0,14.4624474188111,0.000983736946848501,1,0,0,0,0,0,0,0,s281.py,ok,ok
s282,u,r,10,0,0,0,0,0,0,0,0,0,0,0,0,2,4.69634715177321e-07,1,0,0,0,0,0,0,0,s282.py,ok,ok
s283,u,r,10,0,0,0,0,0,0,0,0,0,0,0,0,27680640625,0,1,0,0,0,0,0,0,0,s283.py,ok,ok
s286,u,r,20,0,0,0,0,0,0,0,0,0,0,0,0,10,0,1,0,0,0,0,0,0,0,s286.py,ok,ok
s287,u,r,20,0,0,0,0,0,0,0,0,0,0,0,0,210,4.99175612833439e-07,1,0,0,0,0,0,0,0,s287.py,ok,ok
s288,u,r,20,0,0,0,0,0,0,0,0,0,0,0,0,0,0,1,0,0,0,0,0,0,0,s288.py,ok,ok
s289,b,r,30,60,30,30,0,0,0,0,0,0,0,0,0,0,0,1,0,0,0,0,0,0,0,s289.py,ok,ok
s290,u,r,2,0,0,0,0,0,0,0,0,0,0,0,0,0,0,1,0,0,0,0,0,0,0,s290.py,ok,ok
s291,u,r,10,0,0,0,0,0,0,0,0,0,0,0,0,0,0,1,0,0,0,0,0,0,0,s291.py,ok,ok
s292,u,r,30,0,0,0,0,0,0,0,0,0,0,0,0,0,0,1,0,0,0,0,0,0,0,s292.py,ok,ok
s293,u,r,50,0,0,0,0,0,0,0,0,0,0,0,0,0,0,1,0,0,0,0,0,0,0,s293.py,ok,ok
s294,u,r,6,0,0,0,0,0,0,0,0,0,0,0,0,5,3.45414160748874e-07,1,0,0,0,0,0,0,0,s294.py,ok,ok
s295,u,r,10,0,0,0,0,0,0,0,0,0,0,0,0,9,2.8417010028872e-07,1,0,0,0,0,0,0,0,s295.py,ok,ok
s296,u,r,16,0,0,0,0,0,0,0,0,0,0,0,0,15,3.13298004840817e-07,1,0,0,0,0,0,0,0,s296.py,ok,ok
s297,u,r,30,0,0,0,0,0,0,0,0,0,0,0,0,29,2.14878483674349e-07,1,0,0,0,0,0,0,0,s297.py,ok,ok
s298,u,r,50,0,0,0,0,0,0,0,0,0,0,0,0,49,0,1,0,0,0,0,0,0,0,s298.py,ok,ok
s299,u,r,100,0,0,0,0,0,0,0,0,0,0,0,0,99,0,1,0,0,0,0,0,0,0,s299.py,ok,ok
s300,u,r,20,0,0,0,0,0,0,0,0,0,0,0,0,0,-19.999999550346,1,0,0,0,0,0,0,0,s300.py,ok,ok
s301,u,r,50,0,0,0,0,0,0,0,0,0,0,0,0,0,-50,1,0,0,0,0,0,0,0,s301.py,ok,ok
s302,u,r,100,0,0,0,0,0,0,0,0,0,0,0,0,0,-100,1,0,0,0,0,0,0,0,s302.py,ok,ok
s303,u,r,20,0,0,0,0,0,0,0,0,0,0,0,0,0,0,1,0,0,0,0,0,0,0,s303.py,ok,ok
s304,u,r,50,0,0,0,0,0,0,0,0,0,0,0,0,0,0,1,0,0,0,0,0,0,0,s304.py,ok,ok
s305,u,r,100,0,0,0,0,0,0,0,0,0,0,0,0,0,0,1,0,0,0,0,0,0,0,s305.py,ok,ok
s308,u,r,2,0,0,0,0,0,0,0,0,0,0,0,0,1,0.773258953776516,1,0,0,0,0,0,0,0,s308.py,ok,ok
s309,u,r,2,0,0,0,0,0,0,0,0,0,0,0,0,39.58,-3.98717080758101,1,0,0,0,0,0,0,0,s309.py,ok,ok
s311,u,r,2,0,0,0,0,0,0,0,0,0,0,0,0,170,8.22630434755846e-07,1,0,0,0,0,0,0,0,s311.py,ok,ok
s312,u,r,2,0,0,0,0,0,0,0,0,0,0,0,0,463762,8.50515232836105e-06,1,0,0,0,0,0,0,0,s312.py,ok,ok
s328,b,r,2,4,2,2,0,0,0,0,0,0,0,0,0,1.7703125,1.74415230982879,1,0,0,0,0,0,0,0,s328.py,ok,ok
s333,b,r,3,6,3,3,0,0,0,0,0,0,0,0,0,8,0.0432936542602138,1,0,0,0,0,0,0,0,s333.py,ok,ok
s350,u,r,4,0,0,0,0,0,0,0,0,0,0,0,0,0.14841318,0.000553102445528602,1,0,0,0,0,0,0,0,s350.py,ok,ok
s351,u,r,4,0,0,0,0,0,0,0,0,0,0,0,0,70000,318.571756533288,1,0,0,0,0,0,0,0,s351.py,ok,ok
s352,u,r,4,0,0,0,0,0,0,0,0,0,0,0,0,9049.87580329443,903.234337497398,1,0,0,0,0,0,0,0,s352.py,ok,ok
s358,b,r,5,10,5,5,0,0,0,0,0,0,0,0,0,12.443824743511,6.04249488651451e-05,1,0,0,0,0,0,0,0,s358.py,ok,ok
s368,b,r,8,16,8,8,0,0,0,0,0,0,0,0,0,0,-1,1,0,0,0,0,0,0,0,s368.py,ok,ok
s370,u,r,6,0,0,0,0,0,0,0,0,0,0,0,0,30,0.00242630191477146,1,0,0,0,0,0,0,0,s370.py,ok,ok
s371,u,r,9,0,0,0,0,0,0,0,0,0,0,0,0,30,0.00017326925674702,1,0,0,0,0,0,0,0,s371.py,ok,ok
s379,b,r,11,22,11,11,0,0,0,0,0,0,0,0,0,28.171613,0.0432849172510554,1,0,0,0,0,0,0,0,s379.py,ok,ok
s386,u,r,2,0,0,0,0,0,0,0,0,0,0,0,0,136,0,1,0,0,0,0,0,0,0,s386.py,ok,ok
schwefel,b,r,5,10,5,5,0,0,0,0,0,0,0,0,0,4.8828125e-13,4.8828125e-13,1,0,0,0,0,0,0,0,schwefel.py,ok,ok
shekel,b,r,4,8,4,4,0,0,0,0,0,0,0,0,0,-0.575351409433019,-10.1531971801488,1,0,0,0,0,0,0,0,shekel.py,ok,ok
sim2bqp,b,r,2,4,2,2,0,0,0,0,0,0,0,0,0,0.375,0,1,0,0,0,0,0,0,0,sim2bqp.py,ok,ok
simbqp,b,r,2,4,2,2,0,0,0,0,0,0,0,0,0,0.375,0,1,0,0,0,0,0,0,0,simbqp.py,ok,ok
sineali,b,r,20,40,20,20,0,0,0,0,0,0,0,0,0,246.933411635222,-1895.74525849166,1,0,0,0,0,0,0,0,sineali.py,ok,ok
sineval,u,r,2,0,0,0,0,0,0,0,0,0,0,0,0,0,0,1,0,0,0,0,0,0,0,sineval.py,ok,ok
sisser,u,r,2,0,0,0,0,0,0,0,0,0,0,0,0,0,0,1,0,0,0,0,0,0,0,sisser.py,ok,ok
st_bsj3,b,r,6,12,6,6,0,0,0,0,0,0,0,0,0,-21332.025,-86768.55,1,0,0,0,0,0,0,0,st_bsj3.py,ok,ok
st_cqpjk2,b,r,3,6,3,3,0,0,0,0,0,0,0,0,0,-11.25,-12.5,1,0,0,0,0,0,0,0,st_cqpjk2.py,ok,ok
st_e39,u,r,2,0,0,0,0,0,0,0,0,0,0,0,0,-0.493498414533013,-10.0860013441582,1,0,0,0,0,0,0,0,st_e39.py,ok,ok
steiner_vareps,b,r,17,34,17,17,0,0,0,0,0,0,0,0,0,90000.0524031097,25.3562504381252,1,0,0,0,0,0,0,0,steiner_vareps.py,ok,ok
tointqor,u,r,50,0,0,0,0,0,0,0,0,0,0,0,0,2335.2875,1175.472222473,1,0,0,0,0,0,0,0,tointqor.py,ok,ok
tre,b,r,2,4,2,2,0,0,0,0,0,0,0,0,0,0,0,1,0,0,0,0,0,0,0,tre.py,ok,ok
vardim,u,r,100,0,0,0,0,0,0,0,0,0,0,0,0,650377531752600,0.000505727578890983,1,0,0,0,0,0,0,0,vardim.py,ok,ok
watson,u,r,31,0,0,0,0,0,0,0,0,0,0,0,0,30,4.71053397279493e-05,1,0,0,0,0,0,0,0,watson.py,ok,ok
yfit,b,r,3,6,3,3,0,0,0,0,0,0,0,0,0,5975.71650337632,0.000118511109703143,1,0,0,0,0,0,0,0,yfit.py,ok,ok
yfitu,u,r,3,0,0,0,0,0,0,0,0,0,0,0,0,5975.71650337632,6.40239363459005e-06,1,0,0,0,0,0,0,0,yfitu.py,ok,ok
zangwil2,u,r,2,0,0,0,0,0,0,0,0,0,0,0,0,66.0666666666667,-18.1999948340469,1,0,0,0,0,0,0,0,zangwil2.py,ok,ok
